{"cameraMode":{"drawMode":0,"name":"Shaded","section":"Shading Mode"},"sceneLighting":true,"audioPlay":false,"sceneViewState":{"showFog":true,"showMaterialUpdate":true,"showSkybox":true,"showFlares":true,"showImageEffects":true,"showParticleSystems":true},"in2DMode":false,"pivot":{"x":6.633195400238037,"y":1.0789334774017335,"z":-2.6543378829956056},"rotation":{"x":0.021061405539512636,"y":0.9766639471054077,"z":-0.18106453120708466,"w":0.11360596865415573},"size":6.918739318847656,"orthographic":false}